ABL Aviation,ablaviation.com
Academy of Aviation,aoa.ie
Accipiter,accipiter.aero
ACG Aircraft Leasing Ireland ,aviationcapitalgroup.com
Acumen Aviation,acumenaviation.ie
Aeolous Engine Service,aeolus-engineservices.com
Aer Lingus,aerlingus.com
Aer Rianta International,ari.ie
Aercap,aercap.com
Aerdata,aerdata.com
Aergo Capital,aergocapital.com
Aero Inspection,aii.ie
Airbus,airbus.com
Aircastle Ireland,aircastle.com
Aircraft Leasing Ireland,aircraftleasingireland.ie
Apollo Aviation Group,apollo.aero
Arup,arup.com
ASL Airlines Ireland,aslairlines.ie
Atlantic Air Adventures,atlanticairadventures.com
Atlantic Aviation Group,atlanticaviation.ie
Atlantic Flight Training Academy,afta.ie
Avolon,avolon.aero
Baseline Aviation Services,baselineaviationservices.com
BOC Aviation,bocaviation.com
CAE,cae.com
CAE Parc Aviation,caeparcaviation.com
CALC,calc.com.hk
CDB Aviation,cdbaviation.aero
CHC Helicopters,chcheli.com
Chorus Aviation Capital Ireland,chorusaviation.ca
Cityjet,cityjet.com
CloudCards,cloudcards.ie
daa,daa.ie
DAE Capital,dubaiaerospace.com
DCU,dcu.ie
DIT,dit.ie
Donegal Airport,donegalairport.ie
DMS Governance,dmsgovernance.com
Dublin Aerospace,dublinaerospace.com
Eirtech Aviation Services,eirtechaviation.ie
Eirtrade Aviation,eirtradeaviation.com
ELFC,elfc.com
Elix Aviation Capital,elix.aero
Enterprise Ireland,enterprise-ireland.com
Eversheds Sutherland,eversheds-sutherland.com
EY,ey.com
Flying in Ireland,flyinginireland.com
FPG Amentum,fpg-amentum.aero
GECAS,gecapital.com
Genesis Aircraft Services,genesis.aero
Goshawk Management,goshawk.aero
Grant Thornton,grantthornton.ie
HaoTong Aero Tech,htaerotech.com
IASC Shannon,iasc.aero
ICBC Leasing,icbcleasing.com
Ireland West Airport,irelandwestairport.com
Irish Air Corps,military.ie
Irish Aviation Authority,iaa.ie
Irish Aviation Students Association,iasa.aero
Irish Parachute Club,skydive.ie
Irelandia Aviation,irelandiaaviation.ie
ISTAT,istat.org
IT Carlow,itcarlow.ie
Jackson Square Aviation,jsa.com
Karman Aviation,karmanaviation.ie
Kerry Airport,kerryairport.ie
KPMG,kpmg.ie
Law Society of Ireland,lawsociety.ie
LCETB,limerickclare.etb.ie
Lufthansa Technik,lufthansa-technik.com
Macquarie,macquarie.com
Maples,maplesandcalder.com
Mason Hayes  Curran,mhc.ie
Matheson,matheson.com
MC Aviation Partners,mcapgroup.com
Menzies Aviation,menziesaviation.com
Merx Aviation,merxaviation.com
Newcastle Airfield,einc.ie
National Flight Centre,nfc.ie
Nordic Aviation Capital,nac.dk
Norwegian Air International,norwegian.com
Orix Aviation,orixaviation.com
Part M Aviation,partmaviation.com
PwC,pwc.ie
Ryanair,ryanair.com
Shannon Airport,shannonairport.ie
Shannon IASC,iasc.aero
Sita,sita.aero
Sky Handling Partner,skyhandlingpartner.ie
Skyworks Capital,skyworkscapital.com
Sligo Airport,sligoairport.com
SMBC Aviation Capital,smbc.aero
Stellwagen Group,stellwagengroup.com
Swissport,swissport.com
Sysco Leasing Software,leasing.sysco-software.com
Trim Flying Club,trimflyingclub.ie
UCD,ucd.ie
University of Limerick,ul.ie
Weston Airport,westonairport.ie
Waterford Airport,waterfordairport.ie
