ABL Aviation,ablaviation.com,200,1963,200,1963,*.prod.ams3.secureserver.net;*.prod.ams3.secureserver.net;prod.ams3.secureserver.net;,fb57cf1372e6181c66e5bfa05fb2e0da5b5aafa633302684b7435c00781ecdba,True,False,2048,49199,True,200,63184,ablaviation.easyguests.com;ablaviation.com;ablaviation.easyguests.com;www.ablaviation.com;mail.ablaviation.com;www.ablaviation.easyguests.com;,ff54119d458273094c3380a598decff3ddaa95e3bce0d174da6cebf458a6a631,True,True,2048,49199,False
Academy of Aviation,aoa.ie,200,163,200,799,webhostireland.ie;www.webhostireland.ie;webdisk.webhostireland.ie;webmail.webhostireland.ie;cpanel.webhostireland.ie;mail.webhostireland.ie;webhostireland.ie;autodiscover.webhostireland.ie;,416055cc9336a1bff68b3ed5e07e54a18b19b1ad1aec8ba0b0cbcef8c411ef68,True,False,2048,49199,True,200,58072,aoa.ie;autodiscover.aoa.ie;aoa.ie;mail.aoa.ie;cpanel.aoa.ie;webmail.aoa.ie;webdisk.aoa.ie;www.aoa.ie;,2107d85f12c7b2c37ca0d266f44900ecd4a93ba54af3325ac6437e1d93963352,True,False,2048,49199,True
Accipiter,accipiter.aero,401,1243,301,234,newsletter.cki.com.hk;www.cki.com.hk;www.endeavouraustraliacheungkong.com.hk;www.cki.com.hk;cki.com.hk;,928cd79f254e4d8992215465392d9b9b605efecf2317c9e63f1d083ba8114c9d,True,False,2048,49172,True,301,235,webcastreg.ckah.com;www.la-grande-ville.com.cn;ckah.com;www.ckah.com;www.21borrettroad.hk;www.oceanpride.com.hk;www.lasplendeur.com.hk;www.ckmalls.com.hk;www.lakecomo.com.cn;webcastreg.ckph.com.hk;www.huixianreit.com;www.1881heritage.com;mailgw01.ckah.com;www.horizonhotels.com.hk;www.clublifestyle.com.hk;webfilter.ckah.com;www.seanorama.com.hk;www.upperwestshanghai.com.cn;www.lamansion.hk;www.mycentral.hk;www.accipiter.aero;www.ckph.com.hk;www.harbourglory.com.hk;mailgw02.ckah.com;www.starsbytheharbour.com.hk;www.hemera.com.hk;www.90repulsebayroad.com.hk;www.regal-lake.com.cn;www.thezumurud.com.hk;www.ckah.com;,7651d65fc3240a2a4f648df0237075bc136fa09c67a976e694a01a94ba51644b,True,False,2048,49172,True
ACG Aircraft Leasing Ireland ,aviationcapitalgroup.com,999,90,302,153,www.aviationcapitalgroup.com;www.aviationcapitalgroup.com;aviationcapitalgroup.com;,010fb51ba79ac03bb6e1a3ec36bcaf4cc93c3a6706a9311f2110e411aafe0e44,True,False,2048,49172,True,302,153,aviationcapitalgroup.com;www.aviationcapitalgroup.com;www.aviationcapitalgroup.com;,010fb51ba79ac03bb6e1a3ec36bcaf4cc93c3a6706a9311f2110e411aafe0e44,True,False,2048,49172,True
Acumen Aviation,acumenaviation.ie,301,194,301,26,www.acumenaviation.ie;empower.acumenaviation.ie;mail.acumenaviation.ie;emis.acumenaviation.ie;sparta.acumenaviation.ie;www.acumenaviation.ie;acumenaviation.ie;,7dc37427154c49093d915ddd11c0094cf2153dd749623f245f071f2ce8d227de,True,False,2048,49199,True,200,68440,www.acumenaviation.ie;acumenaviation.ie;www.acumenaviation.ie;sparta.acumenaviation.ie;emis.acumenaviation.ie;mail.acumenaviation.ie;empower.acumenaviation.ie;,7dc37427154c49093d915ddd11c0094cf2153dd749623f245f071f2ce8d227de,True,False,2048,49199,True
Aeolous Engine Service,aeolus-engineservices.com,200,131,200,116135,pemastore.com;pemastore.com;www.pemastore.com;,377ec044dce73e2a09985251f25c3587213051d9a9bf796354ccad70f45e263d,True,False,2048,49199,True,200,116135,www.pemastore.com;pemastore.com;pemastore.com;,377ec044dce73e2a09985251f25c3587213051d9a9bf796354ccad70f45e263d,True,False,2048,49199,True
Aer Lingus,aerlingus.com,301,243,301,243,*.aerlingus.com;*.aerlingus.com;aerlingus.com;,788da47e09e706cb8d5a4776f98b2e908d72a4945f5ea790eaeb4268c553d28c,True,False,2048,49199,True,301,244,aerlingus.com;*.aerlingus.com;*.aerlingus.com;,788da47e09e706cb8d5a4776f98b2e908d72a4945f5ea790eaeb4268c553d28c,True,False,2048,49199,True
Aer Rianta International,ari.ie,404,2776,404,2776,*.azurewebsites.net;*.sso.azurewebsites.net;*.azure-mobile.net;*.scm.azure-mobile.net;*.azurewebsites.net;*.scm.azurewebsites.net;,3ad191ee2c6fa994f1687e9ce55a5e8dee0850c81d7ea818748ab96729147207,True,False,2048,49199,True,301,142,*.azurewebsites.net;*.scm.azurewebsites.net;*.azurewebsites.net;*.scm.azure-mobile.net;*.azure-mobile.net;*.sso.azurewebsites.net;,3ad191ee2c6fa994f1687e9ce55a5e8dee0850c81d7ea818748ab96729147207,True,False,2048,49199,True
Aercap,aercap.com,404,315,404,315,aercap.com;aercap.com;www.aercap.com;,8a4aa56c04d4316ba58fd746b0e9b3a4ab3da9e2d9d6ddc176619dba4db97d97,True,False,2048,49172,True,301,146,www.aercap.com;aercap.com;aercap.com;,8a4aa56c04d4316ba58fd746b0e9b3a4ab3da9e2d9d6ddc176619dba4db97d97,True,False,2048,49172,True
Aerdata,aerdata.com,200,853,999,110,,,-1,-1,-1,-1,-1,301,147,aerdata.com;www.aerdata.com;aerdata.nl;www.aerdata.nl;www.aerdata.com;,6773a18b7f8deee6161db2145a92ede809599b7d89781f6d11a1f5eac7356655,True,False,2048,49172,True
Aergo Capital,aergocapital.com,200,111,200,84231,crystal.ie;webmail.crystal.ie;www.crystal.ie;mail.crystal.ie;webdisk.crystal.ie;crystal.ie;cpanel.crystal.ie;,774165617792e3ea819a57a33839e74df69fdeaf007a55fa881c930e36b8f5fe,True,False,2048,49199,True,200,156670,www.aergogroup.com;aergocapital.com;aergogroup.com;aergocapital.com;mail.aergocapital.com;cpanel.aergocapital.com;webdisk.aergocapital.com;mail.aergogroup.com;www.aergocapital.com;webmail.aergocapital.com;,5ee8317aea52b7bd348972e5bb55beb86111baaf4553e0fe15372fe9ddabd5e0,True,False,2048,49199,True
Aero Inspection,aii.ie,200,1853,200,1853,odin.com;,f1a6fec3b5e2304e247b41766066f81a6c4bae7c4d32c7831cb6329d9a4ef74d,True,True,1024,53,False,200,1853,odin.com;,f1a6fec3b5e2304e247b41766066f81a6c4bae7c4d32c7831cb6329d9a4ef74d,True,True,1024,53,False
Airbus,airbus.com,404,245,999,73,,,-1,-1,-1,-1,-1,999,65,,,-1,-1,-1,-1,-1
Aircastle Ireland,aircastle.com,404,1557,999,63,,,-1,-1,-1,-1,-1,-1,-1,,,-1,-1,-1,-1,-1
Aircraft Leasing Ireland,aircraftleasingireland.ie,-1,-1,999,34,,,-1,-1,-1,-1,-1,-1,-1,,,-1,-1,-1,-1,-1
Apollo Aviation Group,apollo.aero,200,163,200,163,apollo.holodyn.net;apollo.holodyn.net;www.apollo.holodyn.net;,cb35103ba13c609a0e3eb536f1eb41212f4e814ea90bb114d5ebde54ee42e155,False,False,4096,49199,False,301,229,www.carlyle.aero;www.apollo.aero;carlyle.aero;apollo.aero;carlyle.aero;cpanel.carlyle.aero;autodiscover.carlyle.aero;mail.carlyle.aero;mail.apollo.aero;webmail.carlyle.aero;webdisk.carlyle.aero;,65fee3d4f1008c05f269b445459783f9cb92dc609ce2714a3db0b97508f6da2f,True,False,2048,49199,True
Arup,arup.com,999,111,999,114,,,-1,-1,-1,-1,-1,-1,-1,,,-1,-1,-1,-1,-1
ASL Airlines Ireland,aslairlines.ie,200,1853,200,1853,odin.com;,f1a6fec3b5e2304e247b41766066f81a6c4bae7c4d32c7831cb6329d9a4ef74d,True,True,1024,47,False,200,4148,odin.com;,f1a6fec3b5e2304e247b41766066f81a6c4bae7c4d32c7831cb6329d9a4ef74d,True,True,1024,47,False
Atlantic Air Adventures,atlanticairadventures.com,200,1853,200,1853,odin.com;,f1a6fec3b5e2304e247b41766066f81a6c4bae7c4d32c7831cb6329d9a4ef74d,True,True,1024,47,False,200,107824,www.atlanticairadventures.com;atlanticairadventures.com;atlanticairadventures.com;,a03e38c1ee448756f24461053c8ff78ea0e8cb7a4771f6bcd5dee6611fe27116,True,False,2048,47,True
Atlantic Aviation Group,atlanticaviation.ie,200,487,999,71,,,-1,-1,-1,-1,-1,999,73,,,-1,-1,-1,-1,-1
Atlantic Flight Training Academy,afta.ie,200,163,200,163,node1296.myfcloud.com;node1296.myfcloud.com;www.node1296.myfcloud.com;,a0c3c1836403611f8b3c220fdc2a5eaa00d85ff17834e239c5d375f891b2ad6d,True,False,2048,49199,True,200,80857,mail.afta.ie;afta.ie;www.afta.ie;afta.ie;,7bc0c8334b81b95d235017887f7284cb392690cf9c6c5df18c73f5a099348f9a,True,False,2048,49199,True
Avolon,avolon.aero,301,227,400,209,avolon.aero;avolon.aero;www.avolon.aero;,830c71d99e20f83c1521d978840901a121a302e0906d765ccfcdc8fa41e75a57,True,False,2048,49199,True,200,155118,www.avolon.aero;avolon.aero;avolon.aero;,830c71d99e20f83c1521d978840901a121a302e0906d765ccfcdc8fa41e75a57,True,False,2048,49199,True
Baseline Aviation Services,baselineaviationservices.com,200,1853,200,1853,odin.com;,f1a6fec3b5e2304e247b41766066f81a6c4bae7c4d32c7831cb6329d9a4ef74d,True,True,1024,47,False,200,56522,odin.com;,f1a6fec3b5e2304e247b41766066f81a6c4bae7c4d32c7831cb6329d9a4ef74d,True,True,1024,47,False
BOC Aviation,bocaviation.com,301,147,200,38374,www.bocaviation.com;www.bocaviation.com;bocaviation.com;,ed12247970d606edb1daf0ab6178a45f0a0ce99f96eac31a298edc58c79d3428,True,False,2048,49172,True,301,150,bocaviation.com;www.bocaviation.com;www.bocaviation.com;,ed12247970d606edb1daf0ab6178a45f0a0ce99f96eac31a298edc58c79d3428,True,False,2048,49172,True
CAE,cae.com,301,228,301,228,www.cae.com;www.cae.com;cae.com;,f3eec57c60755034b0caed891a11535fee9e5cae2ad3679d255611035f3461cc,True,False,2048,49199,True,301,228,cae.com;www.cae.com;www.cae.com;,f3eec57c60755034b0caed891a11535fee9e5cae2ad3679d255611035f3461cc,True,False,2048,49199,True
CAE Parc Aviation,caeparcaviation.com,404,2776,404,2776,*.azurewebsites.net;*.sso.azurewebsites.net;*.azure-mobile.net;*.scm.azure-mobile.net;*.azurewebsites.net;*.scm.azurewebsites.net;,3ad191ee2c6fa994f1687e9ce55a5e8dee0850c81d7ea818748ab96729147207,True,False,2048,49199,True,200,33015,files.caeparcaviation.com;caeparcaviation.com;jobs.caeparcaviation.com;caeparcaviation.com;,ea7a89295b05592f40f28d33790b959bdf18bb3f435eb60fdd52c06b4bb3684c,True,False,2048,49199,True
CALC,calc.com.hk,200,44,200,44,s02.advertising-black.com;s02.advertising-black.com;,0529896244c553dd63363691ddfb19566ecd078bb832a206a3128730ed62282e,True,False,4096,49199,True,200,87114,s02.advertising-black.com;s02.advertising-black.com;,0529896244c553dd63363691ddfb19566ecd078bb832a206a3128730ed62282e,True,False,4096,49199,True
CDB Aviation,cdbaviation.aero,-1,-1,-1,-1,,,-1,-1,-1,-1,-1,-1,-1,,,-1,-1,-1,-1,-1
CHC Helicopters,chcheli.com,200,20842,999,71,,,-1,-1,-1,-1,-1,999,65,,,-1,-1,-1,-1,-1
Chorus Aviation Capital Ireland,chorusaviation.ca,200,432,200,432,*.prnewswire.com;*.prnewswire.com;prnewswire.com;,309473978e16b2235edb90cd9bd30d338b46a1cb995c3efae5a6105d3c83cef7,True,False,2048,49199,True,301,237,www.chorusaviation.ca;chorusaviation.ca;chorusaviation.ca;,6d9953a4721652ff915712c64c165a4ce6f360f236f80d7381e101579239d52d,True,False,2048,49199,True
Cityjet,cityjet.com,-1,-1,200,15613,www.cityjet.com;www.cityjet.com;cityjet.com;,04cdb643313d30e4733f4630c732cd2eea0c7495c6d7769303a4989d522e2127,True,False,2048,49199,True,200,15611,cityjet.com;www.cityjet.com;www.cityjet.com;,04cdb643313d30e4733f4630c732cd2eea0c7495c6d7769303a4989d522e2127,True,False,2048,49199,True
CloudCards,cloudcards.ie,200,3832,200,3832,*.elive.net;*.elive.net;elive.net;,1e4573688876109f48ded9b45b4a7f1654a532c40ab001d0af738a5d7c9dd3a6,True,False,2048,49199,True,200,3832,elive.net;*.elive.net;*.elive.net;,1e4573688876109f48ded9b45b4a7f1654a532c40ab001d0af738a5d7c9dd3a6,True,False,2048,49199,True
daa,daa.ie,404,2776,404,2776,*.azurewebsites.net;*.sso.azurewebsites.net;*.azure-mobile.net;*.scm.azure-mobile.net;*.azurewebsites.net;*.scm.azurewebsites.net;,3ad191ee2c6fa994f1687e9ce55a5e8dee0850c81d7ea818748ab96729147207,True,False,2048,49199,True,301,142,*.azurewebsites.net;*.scm.azurewebsites.net;*.azurewebsites.net;*.scm.azure-mobile.net;*.azure-mobile.net;*.sso.azurewebsites.net;,3ad191ee2c6fa994f1687e9ce55a5e8dee0850c81d7ea818748ab96729147207,True,False,2048,49199,True
DAE Capital,dubaiaerospace.com,200,163,200,1745,www.awas.com;awas.com;awas.com;mail.awas.com;,3348808aab634b0fcdd54e57aa7a89ee1d47e1d3fdd35eaebe3b0cb7b0b34f51,False,True,2048,49199,False,200,113537,dubaiaerospace.com;www.dubaiaerospace.com;www.dubaiaerospace.com;,443cd356e6b0814c17cff8e258cb0c14f5b1689fc5cc3a0512c933c0db8c637e,True,False,2048,49199,True
DCU,dcu.ie,404,970,404,970,www.bi.aspjj.com;blogd7.bhphotovideo.com;www.fysium.com;glossary-dev.acquia.com;www.ap.jnj.com;ap.jnj.com;static.bhphotovideo.com;hologic.com;glossary-stage.acquia.com;www.treasury.nsw.gov.au;stageic.naswa.org;integrity.naswa.org;dev.gov2gov.net;stage-www.familyeducation.com;pauljanssenaward.com;www.pauljanssenaward.com;caringcrowd.com;www.caringcrowd.com;texaschildrens.org;texaschildrenspediatrics.org;www.texaschildrens.org;www.bhphotovideo.com;www.insuramatch.com;advantagebiosensewebsteremea.com;www.nisd.net;insuramatch.com;nolblog.www-qc.nasdaq.net;nisd.net;acquia-sites.com;nolblog.nasdaq.net;boston.familyeducation.com;www.doctorswithoutborders.org;jnjemployeediscounts.com;www.jnjemployeediscounts.com;stage-www.infoplease.com;doctorswithoutborders.org;boston.factmonster.com;stage-www.factmonster.com;boston.teachervision.com;hisense-usa.com;www.predictivetechnologies.com;stage-www.teachervision.com;records.nsw.gov.au;lexialearning.com;www.sanafor.com;www.sharp-canada.ca;acquia-sites.com;www.hologic.com;www.janssensafety.com;www.hisense-usa.com;landconservationnetwork.org;lincolninst.edu;dev-www.familyeducation.com;hyperloop-one.com;boston.infoplease.com;devic.naswa.org;glossary.acquia.com;uat.gov2gov.net;www.budget.nsw.gov.au;dev-www.teachervision.com;ipsos.com;,e860c1a37b92530595cba4adbe497ae3bb2a4646f7cb0e1cc0036da4f8c40fe5,True,False,2048,49199,True,301,227,dcu.ie;www.dcu.ie;www4.dcu.ie;www.dcu.ie;,b28cb22fe187e756467fcb69e254e2d0d129c042d5fa546355dbec6946921751,True,False,2048,49199,True
DIT,dit.ie,-1,-1,-1,-1,,,-1,-1,-1,-1,-1,-1,-1,,,-1,-1,-1,-1,-1
Donegal Airport,donegalairport.ie,200,163,200,87495,acereg.com;webmail.acereg.com;www.acereg.com;mail.acereg.com;webdisk.acereg.com;acereg.com;cpanel.acereg.com;,48e9af10ca1baa337b7d90dec2f50ccdaada3ff75ef563cefb2fd95eeece77f0,True,False,2048,49199,True,200,23442,donegalairport.ie;donegalairport.ie;cpanel.donegalairport.ie;webdisk.donegalairport.ie;mail.donegalairport.ie;www.donegalairport.ie;webmail.donegalairport.ie;,056baf4653227b2a57b66d9b1cfa9f158ec66435ed2aa7526b2d23e17f96539f,True,False,2048,49199,True
DMS Governance,dmsgovernance.com,403,3584,999,64,,,-1,-1,-1,-1,-1,200,52772,iphotolibraryrecovery.com;dmsgovernance.com;kochmycori.ga;irabotirchupkotha.ml;gaterepair-coronadelmar.com;freemacrecovery.net;holbrookdentist.com;dorun.me;tyywhjjs2.gq;wellmed.us;unplggd.co;speakvorwordci.tk;macdare.com;daemulphohex.tk;*.dmscapitalsolutions.com;*.daemulphohex.tk;dmscapitalsolutions.com;*.asistenciaalcobendas.tk;sni153314.cloudflaressl.com;*.byerate.com;*.asistenciatecnicasargandadelrey.tk;*.carbonheat.ro;*.capsiplexpillsreviews.com;*.chingplemiciti.tk;*.cell-phonerecovery.com;littlestarplus.com;cell-phonerecovery.com;capsiplexpillsreviews.com;carbonheat.ro;satismadrid.tk;*.iphotolibraryrecovery.com;*.inbingertperc.tk;byerate.com;asistenciatecnicasargandadelrey.tk;*.dorun.me;*.dmsgovernance.com;*.fdbgfbhgfh.ga;*.downloadscanpstexefile.com;*.gaterepair-coronadelmar.com;*.freemacrecovery.net;*.holbrookdentist.com;*.hfhdhdh.tk;*.irabotirchupkotha.ml;*.kochmycori.ga;*.littlestarplus.com;*.macdare.com;*.mictacarpa.tk;*.obs.ky;*.rauspeakesed.tk;*.ricutersza.gq;*.satismadrid.tk;*.serviciosalgete.tk;servocalcorcon.tk;speakvorwordci.gq;chingplemiciti.tk;obs.ky;downloadscanpstexefile.com;fdbgfbhgfh.ga;asistenciaalcobendas.tk;rauspeakesed.tk;*.wellmed.us;ricutersza.gq;inbingertperc.tk;*.unplggd.co;serviciosalgete.tk;*.tyywhjjs2.gq;mictacarpa.tk;thenewevangelization.us;*.thenewevangelization.us;hfhdhdh.tk;*.speakvorwordci.tk;*.speakvorwordci.gq;sni153314.cloudflaressl.com;*.servocalcorcon.tk;,66ed4d0f959d6f06b7f5f32497bcc8d2a91cfe6d2294bdab65b0949cfdb08e1d,True,False,-1,49195,True
Dublin Aerospace,dublinaerospace.com,200,163,-1,-1,,,-1,-1,-1,-1,-1,200,74874,www.dublinaerospace.com;www.basemaintenance.com;basemaintenance.com;autodiscover.basemaintenance.com;basemaintenance.com;dublinaerospace.com;cpanel.basemaintenance.com;mail.dublinaerospace.com;mail.basemaintenance.com;webmail.basemaintenance.com;webdisk.basemaintenance.com;,642d56ea6f1f2f76cb12fbd5303bc1d1a8f2174af78e2ca5ba31959d0b013f04,True,False,2048,49199,True
Eirtech Aviation Services,eirtechaviation.ie,301,293,200,906,limegreentangerine.co.uk;limegreentangerine.co.uk;www.limegreentangerine.co.uk;,9c9241100053bffb308f9b51b4cda7f052f1e3f74e4099d2d64be330f2d7a304,True,False,2048,49199,True,301,308,www.eirtechaviation.ie;eirtechaviation.ie;eirtechaviation.ie;,63a2d5ce81ad5fcef99c3bd9c36241c41a5e55bc29fd170f32eeb0c8f3f94d3e,True,False,2048,49199,True
Eirtrade Aviation,eirtradeaviation.com,200,47,200,47,*.gridserver.com;*.gridserver.com;gridserver.com;,d727475ca23681b445eb63d35b7d1e5555f2626b160ded67df6148ff243d9ea2,True,False,2048,49199,True,200,12807,gridserver.com;*.gridserver.com;*.gridserver.com;,d727475ca23681b445eb63d35b7d1e5555f2626b160ded67df6148ff243d9ea2,True,False,2048,49199,True
ELFC,elfc.com,302,280,302,280,elfc.com;elfc.com;www.elfc.com;,eaf817db21fe170a9e0912da3e1287b358b3169b98ee233ad868d692fe4f422a,True,False,2048,49199,True,200,202347,www.elfc.com;elfc.com;elfc.com;,eaf817db21fe170a9e0912da3e1287b358b3169b98ee233ad868d692fe4f422a,True,False,2048,49199,True
Elix Aviation Capital,elix.aero,200,15610,200,15611,*.alphamarine.ie;alphamarine.ie;,adaa30fe8a98abdf9f0df630932963ab7edf39c291e977c2ed75de5a58c83707,True,True,2048,49199,False,200,15608,alphamarine.ie;*.alphamarine.ie;,adaa30fe8a98abdf9f0df630932963ab7edf39c291e977c2ed75de5a58c83707,True,True,2048,49199,False
Enterprise Ireland,enterprise-ireland.com,404,315,999,110,,,-1,-1,-1,-1,-1,-1,-1,,,-1,-1,-1,-1,-1
Eversheds Sutherland,eversheds-sutherland.com,200,94,999,71,,,-1,-1,-1,-1,-1,999,78,,,-1,-1,-1,-1,-1
EY,ey.com,404,315,-1,-1,,,-1,-1,-1,-1,-1,302,205,www.ernstyoung.com.au;www.ch.ey.com;ventury-innovation.com;ventury-executive.com;ventury-avocats.com;ey.mobi;www.fsinsights.ey.com;www.webforms.ey.com;www.tahi.maori.nz;www.parthenon.com;www.weinholdlegal.cz;www.betterworkingworld.ey.com;www.de.ey.com;www.aspectsecurity.com;www.eylaw.ca;www.eylaw.co.nz;www.ey-avocats.com;www.rlcf.ey.com;www.eylaw.nz;www.dapartnerspl.com;Bollox-eoo-many-sans-1-104;betterworkingworld.ca;betterworkingworld.biz;betterworkingworld.co.uk;betterworkingworld.co;betterworkingworld.accountants;betterworkingworld.accountant;betterworkingworld.attorney;betterworkingworld.asia;betterworkingworld.consulting;betterworkingworld.com;weinholdlegal.cz;weinholdlegal.com;webforms.ey.com;www.ey.com;eylaw.nz;rlcf.ey.com;EY.COM;dapartnerspl.com;parthenon.ey.com;parthenon.com;platisanastassiadis.com;www.platisanastassiadis.com;ch.ey.com;ernstyoung.com.au;www.ventury-executive.com;www.ventury-innovation.com;www.ey.mobi;www.ventury-avocats.com;ey.com.br;betterworking.world;www.betterworkingworld.ca;www.betterworkingworld.biz;www.betterworking.world;www.ey.com.br;betterworkingworld.us;betterworkingworld.org;www.betterworkingworld.attorney;www.betterworkingworld.asia;www.betterworkingworld.accountants;www.betterworkingworld.accountant;betterworkingworld.mobi;betterworkingworld.net;betterworkingworld.financial;betterworkingworld.global;betterworkingworld.info;betterworkingworld.lawyer;betterworkingworld.de;betterworkingworld.digital;betterworkingworld.eu;betterworkingworld.finance;www.ey.com;www.betterworkingworld.lawyer;www.betterworkingworld.info;www.betterworkingworld.net;www.betterworkingworld.mobi;www.betterworkingworld.us;www.betterworkingworld.org;familybusiness.ey.com;balticcareers.ey.com;www.familybusiness.ey.com;www.balticcareers.ey.com;www.weinholdlegal.com;www.parthenon.ey.com;de.ey.com;betterworkingworld.ey.com;eylaw.ca;aspectsecurity.com;ey-avocats.com;eylaw.co.nz;tahi.maori.nz;fsinsights.ey.com;www.betterworkingworld.com;www.betterworkingworld.consulting;www.betterworkingworld.co;www.betterworkingworld.co.uk;www.betterworkingworld.eu;www.betterworkingworld.finance;www.betterworkingworld.de;www.betterworkingworld.digital;www.betterworkingworld.financial;www.betterworkingworld.global;,9a9215fc461039279419771f1983412c91332ac68b70d8164be7c9dfd4438efe,True,False,2048,49172,True
Flying in Ireland,flyinginireland.com,301,357,404,654,*.sgvps.net;*.sgvps.net;sgvps.net;,aac3cd7316308dc828788ab9baed80c10a4d9431a6b60d60903684572c61c743,True,False,2048,49199,True,200,67995,www.flyinginireland.com;flyinginireland.com;flyinginireland.com;,de0f97f6548bddf4bca9a0c287323cdc7be1d3ab9867d0d1e6a3f76cbf8216cf,True,False,2048,49199,True
FPG Amentum,fpg-amentum.aero,404,2082,404,2082,*.wpengine.com;*.wpengine.com;wpengine.com;,6d52f72dc0d20f6387d50dae0a7841759bfb52277c7f152e90a0991cfe3df26d,True,False,2048,49199,True,-1,-1,,,-1,-1,-1,-1,-1
GECAS,gecapital.com,404,710,999,71,,,-1,-1,-1,-1,-1,999,67,,,-1,-1,-1,-1,-1
Genesis Aircraft Services,genesis.aero,404,2082,404,2082,*.wpengine.com;*.wpengine.com;wpengine.com;,6d52f72dc0d20f6387d50dae0a7841759bfb52277c7f152e90a0991cfe3df26d,True,False,2048,49199,True,-1,-1,,,-1,-1,-1,-1,-1
Goshawk Management,goshawk.aero,200,1853,200,1853,odin.com;,f1a6fec3b5e2304e247b41766066f81a6c4bae7c4d32c7831cb6329d9a4ef74d,True,True,1024,47,False,-1,-1,,,-1,-1,-1,-1,-1
Grant Thornton,grantthornton.ie,999,107,999,110,,,-1,-1,-1,-1,-1,-1,-1,,,-1,-1,-1,-1,-1
HaoTong Aero Tech,htaerotech.com,200,163,200,35765,ability4u.ie;webmail.ability4u.ie;www.ability4u.ie;mail.ability4u.ie;webdisk.ability4u.ie;ability4u.ie;cpanel.ability4u.ie;,e473a4d230f7de93f45534b412c618259db3eb9e18254d5934977c58fb37a9e1,False,False,2048,49199,False,-1,-1,,,-1,-1,-1,-1,-1
IASC Shannon,iasc.aero,404,2132,404,2132,*.sucuri.net;*.sucuri.net;sucuri.net;,c22237a80e7ebac62843b32996e30d22abdf37e11d4afec6c4ee599d04ce7e54,True,False,2048,49199,True,-1,-1,,,-1,-1,-1,-1,-1
ICBC Leasing,icbcleasing.com,-1,-1,-1,-1,,,-1,-1,-1,-1,-1,-1,-1,,,-1,-1,-1,-1,-1
Ireland West Airport,irelandwestairport.com,200,163,200,173216,www.web1.irelandwestairport.com;web1.irelandwestairport.com;web1.irelandwestairport.com;mail.web1.irelandwestairport.com;,7b0fd6bc152ffc73c5a094b2030f93f53e73cf5b7dfbd31720527143b2546b5a,False,True,2048,49199,False,200,184850,www.irelandwestairport.com;irelandwestairport.com;irelandwestairport.com;,6ba67f13c213afe4e880d60deff4c37b5cffb80119a0ce6b820bb5a707c9f7e6,True,False,2048,49199,True
Irish Air Corps,military.ie,404,315,999,71,,,-1,-1,-1,-1,-1,999,65,,,-1,-1,-1,-1,-1
Irish Aviation Authority,iaa.ie,-1,-1,-1,-1,,,-1,-1,-1,-1,-1,-1,-1,,,-1,-1,-1,-1,-1
Irish Aviation Students Association,iasa.aero,404,178,-1,-1,,,-1,-1,-1,-1,-1,-1,-1,,,-1,-1,-1,-1,-1
Irish Parachute Club,skydive.ie,200,163,200,163,lhbp.dnsireland.com;lhbp.dnsireland.com;www.lhbp.dnsireland.com;,bbb57507b38723415763e837d686bd7c956c3e89558a43eb1adca9c6f7122c8e,False,False,2048,49199,False,200,121348,skydive.ie;www.skydive.ie;www.skydive.ie;,243e50b6a5d7103716b51f5329406e026c4a8093523dbbe2b96c9b876f454f3c,True,False,2048,49199,True
Irelandia Aviation,irelandiaaviation.ie,404,955,404,955,*.ul.ie;*.ul.ie;ul.ie;,e5afc2705fee835dc35f50222cdaa10359c092e821cf340147ce6988f6cbaf9e,True,False,2048,49169,True,200,7826,ul.ie;*.ul.ie;*.ul.ie;,e5afc2705fee835dc35f50222cdaa10359c092e821cf340147ce6988f6cbaf9e,True,False,2048,49169,True
ISTAT,istat.org,200,701,999,114,,,-1,-1,-1,-1,-1,200,35671,istat.org;istat.org;,1aca42dfd3932791230437a589cdaa7762e9cff9d04338a49ec0ba714d1bb67a,True,False,2048,49172,True
IT Carlow,itcarlow.ie,404,315,999,59,,,-1,-1,-1,-1,-1,999,55,,,-1,-1,-1,-1,-1
Jackson Square Aviation,jsa.com,302,51,302,51,www.jsa.com;www.jsa.com;stage.jsa.com.pintdev.com;www.jacksonsquareaviation.com;pwp.jsa.com;stage.jsa.com;jacksonsquareaviation.com;jsa.com;,63d1cbbe34dbb1448842553006d0598ab786a2974dabbfcc000d8e7403a6539b,True,False,2048,49172,True,301,301,www.jsa.com;jsa.com;jacksonsquareaviation.com;stage.jsa.com;pwp.jsa.com;www.jacksonsquareaviation.com;stage.jsa.com.pintdev.com;www.jsa.com;,63d1cbbe34dbb1448842553006d0598ab786a2974dabbfcc000d8e7403a6539b,True,False,2048,49172,True
Karman Aviation,karmanaviation.ie,200,163,-1,-1,,,-1,-1,-1,-1,-1,-1,-1,,,-1,-1,-1,-1,-1
Kerry Airport,kerryairport.ie,200,3832,200,3832,*.elive.net;*.elive.net;elive.net;,1e4573688876109f48ded9b45b4a7f1654a532c40ab001d0af738a5d7c9dd3a6,True,False,2048,49199,True,200,3832,elive.net;*.elive.net;*.elive.net;,1e4573688876109f48ded9b45b4a7f1654a532c40ab001d0af738a5d7c9dd3a6,True,False,2048,49199,True
KPMG,kpmg.ie,503,651,503,656,domesticbin.com;ceragon.com;dolce-gusto.hu;autoeurope.de;caldrea.com;*.mrsmeyers.com;*.mydirectinsight.com;vtechda.com;kpmg.ie;lalechera.com.co;*.domesticbin.com;*.getpregnantandshine.com;*.kde.org;*.kenzinteriors.com.au;*.kpmg.ie;*.lalechera.com.co;*.lootcase.gg;*.military1.com;*.ceragon.com;*.crownbet.com.au;*.autoeurope.de;*.caldrea.com;*.api.translink.com.au;*.asialaw.com;incapsula.com;*.altaineapps.com;military1.com;*.dolce-gusto.hu;*.dolce-gusto.ua;sokrabatt.se;ricapp.com;optiprogram.pl;nestle-family.com;*.thehmoacademy.com;mrsmeyers.com;*.nestle-family.com;*.nankidoptipro.com.ph;*.ricapp.com;*.optiprogram.pl;incapsula.com;*.sokrabatt.se;*.vtechda.com;*.toyota.ee;asialaw.com;api.translink.com.au;lootcase.gg;toyota.ee;thehmoacademy.com;getpregnantandshine.com;kenzinteriors.com.au;nankidoptipro.com.ph;dolce-gusto.ua;,fd708dca15f283b98f9a0161a26c852663f3bb081b209ce61cb0a8c880a5c8c3,True,False,2048,49199,True,200,1039,ricapp.com;vtechda.com;sokrabatt.se;nestle-family.com;*.dolce-gusto.ua;*.dolce-gusto.hu;optiprogram.pl;*.altaineapps.com;incapsula.com;*.asialaw.com;*.api.translink.com.au;*.caldrea.com;*.autoeurope.de;*.crownbet.com.au;*.ceragon.com;mrsmeyers.com;lootcase.gg;military1.com;*.mydirectinsight.com;*.mrsmeyers.com;lalechera.com.co;kpmg.ie;*.getpregnantandshine.com;*.domesticbin.com;*.kenzinteriors.com.au;*.kde.org;*.lalechera.com.co;*.kpmg.ie;*.military1.com;*.lootcase.gg;*.nankidoptipro.com.ph;*.nestle-family.com;*.optiprogram.pl;*.ricapp.com;*.sokrabatt.se;*.thehmoacademy.com;*.toyota.ee;*.vtechda.com;api.translink.com.au;asialaw.com;nankidoptipro.com.ph;thehmoacademy.com;toyota.ee;kenzinteriors.com.au;getpregnantandshine.com;domesticbin.com;dolce-gusto.ua;dolce-gusto.hu;ceragon.com;caldrea.com;incapsula.com;autoeurope.de;,fd708dca15f283b98f9a0161a26c852663f3bb081b209ce61cb0a8c880a5c8c3,True,False,2048,49199,True
Law Society of Ireland,lawsociety.ie,404,315,999,36,,,-1,-1,-1,-1,-1,301,148,lawsociety.ie;*.lawsociety.ie;*.lawsociety.ie;,4432b194b39da741ae6055c639d7985ae37f6c6f1bf0bf082f0428b6f00031ad,True,False,2048,49171,True
LCETB,limerickclare.etb.ie,-1,-1,403,4961,localhost.localdomain;,22c1af7ea98ab9e23fb58e9f08c61f1e41071fd1b76ced2c12dc9cd67f0c9769,False,True,1024,49169,False,403,4961,localhost.localdomain;,22c1af7ea98ab9e23fb58e9f08c61f1e41071fd1b76ced2c12dc9cd67f0c9769,False,True,1024,49169,False
Lufthansa Technik,lufthansa-technik.com,-1,-1,200,72963,*.lufthansa-technik.com;*.lufthansa-technik.com;lufthansa-technik.com;,945c2b2e66d8317e449441909247ed1c529d372bae1cf67baaf3adec9f9bba61,True,False,2048,49199,True,-1,-1,,,-1,-1,-1,-1,-1
Macquarie,macquarie.com,-1,-1,-1,-1,,,-1,-1,-1,-1,-1,-1,-1,,,-1,-1,-1,-1,-1
Maples,maplesandcalder.com,403,3584,403,167,maplesandcalder.com;ssl514449.cloudflaressl.com;ssl514449.cloudflaressl.com;*.maplesandcalder.com;,5d51afe5fe8ea730b18199f529d55fa1bb6c336c3e61ecdc1cb7ec74b381b573,True,False,-1,49195,True,301,240,*.maplesandcalder.com;ssl514449.cloudflaressl.com;maplesandcalder.com;ssl514449.cloudflaressl.com;,5d51afe5fe8ea730b18199f529d55fa1bb6c336c3e61ecdc1cb7ec74b381b573,True,False,-1,49195,True
Mason Hayes  Curran,mhc.ie,302,202,302,202,cpd.mhc.ie;cpd.mhc.ie;,90daa2a3b8af9e8e8a9fe8bbb527de1916ebe079c0ecefb295a18e46318bf915,True,False,2048,49199,True,301,227,staging.mhc.ie;mhc.ie;www.mhc.ie;mhc.ie;,fe86f5f8c51327da8fb4db40a04ac7cd107d5283c13b8004d22d6f6434a009c9,True,False,2048,49199,True
Matheson,matheson.com,404,315,999,114,,,-1,-1,-1,-1,-1,301,148,www.matheson.com;matheson.com;matheson.com;,a823709de7da5bbb19105c2bace3cbe79e780fe680dbe514d9bbbe3fd770a979,True,False,2048,49199,True
MC Aviation Partners,mcapgroup.com,404,4359,404,4359,*.getpantheon.com;getpantheon.com;*.gotpantheon.com;gotpantheon.com;*.pantheonsite.io;pantheonsite.io;*.getpantheon.com;*.pantheon.io;,0f9877d0cb57bc42b32dad21ee58c42690ac78294f9fb002fe5b9dab41d069b5,True,False,2048,49199,True,-1,-1,,,-1,-1,-1,-1,-1
Menzies Aviation,menziesaviation.com,404,315,999,71,,,-1,-1,-1,-1,-1,999,73,,,-1,-1,-1,-1,-1
Merx Aviation,merxaviation.com,301,233,301,234,www.ascential.com;www.ascential.com;ascential.com;,afc1ed461a7a30c7646407cbf3a77b2fb86a6964ad103183cf70f27ef014fd99,True,False,2048,49199,True,301,237,ascential.com;www.ascential.com;www.ascential.com;,afc1ed461a7a30c7646407cbf3a77b2fb86a6964ad103183cf70f27ef014fd99,True,False,2048,49199,True
Newcastle Airfield,einc.ie,200,163,200,163,*.dnsireland.com;*.dnsireland.com;dnsireland.com;,a8f091cc4a7aeaae203f2aa000791a6734b83d7f97d616eca7ef52ad9ae99b42,True,False,2048,49199,True,200,6589,www.einc.ie;einc.ie;einc.ie;,138a2638ee702262fcd0e76e61ddd7215a39369960b8b37dc09215284f4b7a22,True,False,2048,49199,True
National Flight Centre,nfc.ie,200,1853,200,1853,odin.com;,f1a6fec3b5e2304e247b41766066f81a6c4bae7c4d32c7831cb6329d9a4ef74d,True,True,1024,47,False,999,83,,,-1,-1,-1,-1,-1
Nordic Aviation Capital,nac.dk,200,223,999,112,,,-1,-1,-1,-1,-1,999,101,,,-1,-1,-1,-1,-1
Norwegian Air International,norwegian.com,-1,-1,404,398,www.norwegian.no;beta.norwegian.com;norwegian.com;norwegian.se;www.norwegian.fi;norwegian.no;www.norwegian.se;www.norwegian.dk;www.norwegian.no;www.norwegian.com;norwegian.dk;norwegian.fi;,5e11f05f30eda29927390d979c86fdd91e94915926d94ba2be63eae2dc046edf,True,False,2048,49199,True,301,302,beta.norwegian.com;norwegian.fi;norwegian.dk;www.norwegian.no;www.norwegian.com;www.norwegian.no;www.norwegian.dk;www.norwegian.se;norwegian.no;www.norwegian.fi;norwegian.se;norwegian.com;,5e11f05f30eda29927390d979c86fdd91e94915926d94ba2be63eae2dc046edf,True,False,2048,49199,True
Orix Aviation,orixaviation.com,200,791,301,228,*.webspaceconfig.de;*.webspaceconfig.de;webspaceconfig.de;,370f8a13efd865365408e7f33e0603aba1ebb015b6fea5f059681adfa20a2ca0,True,False,2048,49172,True,-1,-1,,,-1,-1,-1,-1,-1
Part M Aviation,partmaviation.com,200,163,-1,-1,,,-1,-1,-1,-1,-1,-1,-1,,,-1,-1,-1,-1,-1
PwC,pwc.ie,404,267,999,36,,,-1,-1,-1,-1,-1,999,24,,,-1,-1,-1,-1,-1
Ryanair,ryanair.com,404,169,999,71,,,-1,-1,-1,-1,-1,999,65,,,-1,-1,-1,-1,-1
Shannon Airport,shannonairport.ie,404,315,999,108,,,-1,-1,-1,-1,-1,301,153,shannonairport.ie;www.shannonairport.ie;www.shannonairport.ie;,1e123c26f7a97c27806c7ae38336813d1b811ca494c7b3b9ebba3cc575043a35,True,False,2048,49199,True
Shannon IASC,iasc.aero,404,2132,404,2132,*.sucuri.net;*.sucuri.net;sucuri.net;,c22237a80e7ebac62843b32996e30d22abdf37e11d4afec6c4ee599d04ce7e54,True,False,2048,49199,True,-1,-1,,,-1,-1,-1,-1,-1
Sita,sita.aero,-1,-1,-1,-1,,,-1,-1,-1,-1,-1,-1,-1,,,-1,-1,-1,-1,-1
Sky Handling Partner,skyhandlingpartner.ie,-1,-1,-1,-1,,,-1,-1,-1,-1,-1,200,53045,skyhandlingpartner.ie;skyhandlingpartner.ie;,ef2cb2631684723a659cdcbcfd1ddbce1dc7d080aacaec983cf38232fa68853e,True,False,2048,49199,True
Skyworks Capital,skyworkscapital.com,200,16731,999,67,,,-1,-1,-1,-1,-1,999,71,,,-1,-1,-1,-1,-1
Sligo Airport,sligoairport.com,200,163,200,34490,acryfabplastics.ie;webmail.acryfabplastics.ie;www.acryfabplastics.ie;mail.acryfabplastics.ie;webdisk.acryfabplastics.ie;acryfabplastics.ie;cpanel.acryfabplastics.ie;,66d2e16c1896697b5ed037413d79d92971501117deb3231a284232c7668117cd,False,False,2048,49199,False,200,32412,mail.sligoairport.com;sligoairport.com;www.sligoairport.com;sligoairport.com;,9b25d6080e9f9f0996693b3951f4fec810d18e5e820d1c3758e8debe7d1e8ee2,False,False,2048,49199,False
SMBC Aviation Capital,smbc.aero,200,18504,999,63,,,-1,-1,-1,-1,-1,999,55,,,-1,-1,-1,-1,-1
Stellwagen Group,stellwagengroup.com,404,2082,404,2082,*.wpengine.com;*.wpengine.com;wpengine.com;,6d52f72dc0d20f6387d50dae0a7841759bfb52277c7f152e90a0991cfe3df26d,True,False,2048,49199,True,301,178,stellwagengroup.com;stellwagengroup.com;,eac51daed1addef63b10d6cc2b7dc2879fc3bba0e3db7bcc9175fc5c5df7be92,True,False,2048,49199,True
Swissport,swissport.com,200,1162,200,1162,silverfish02.nine.ch;,bfbcad0d7096ccb551c1b9f837539041aed55f02c3bb650b8ac5995fb68d8380,True,True,2048,49199,False,301,233,swissport.com;*.swissport.com;www.swissport.com;*.swissport.com;,f9a361a0336e1bae7d51513dc18d7259db1cfd1e4931b22955cae6d0d10736a2,True,False,2048,49199,True
Sysco Leasing Software,leasing.sysco-software.com,200,111,-1,-1,,,-1,-1,-1,-1,-1,200,97366,www.leasing.sysco-software.com;leasing.sysco-software.com;leasing.sysco-software.com;,ebb0a8184a8d55ba671ab5c78fba462cb013fc5129fa8b3233887d61ce32c017,True,False,2048,49199,True
Trim Flying Club,trimflyingclub.ie,200,485,200,485,www.trimflyingclub.ie;www.trimflyingclub.ie;trimflyingclub.ie;,5796fdbd6dd6dfae4463869d9c09affdd3b8f9ad4fe56ab6f06cc564dc833d05,True,False,4096,49199,True,-1,-1,,,-1,-1,-1,-1,-1
UCD,ucd.ie,-1,-1,-1,-1,,,-1,-1,-1,-1,-1,-1,-1,,,-1,-1,-1,-1,-1
University of Limerick,ul.ie,200,163,999,55,,,-1,-1,-1,-1,-1,200,130913,ul.ie;*.ul.ie;*.ul.ie;,7ec96a85d86a62c5911bf4f689290ed972cf58c001277315e24219c54464ad16,True,False,2048,49199,True
Weston Airport,westonairport.ie,200,3709,200,3709,*.avova.ie;*.avova.ie;avova.ie;,7cb58881c857643dacd389440fc730351ab0ee780472fce7057dd34a79f250f2,True,False,4096,49172,True,301,178,avova.ie;*.avova.ie;*.avova.ie;,7cb58881c857643dacd389440fc730351ab0ee780472fce7057dd34a79f250f2,True,False,4096,49172,True
Waterford Airport,waterfordairport.ie,401,503,401,503,docs.dfrun.ie;docs.dfrun.ie;www.docs.dfrun.ie;,4b7194b47032cee8c0a4245577307f98f4b3c24d04a674cfadd042b727582619,False,True,2048,49199,False,200,21215,www.waterfordairport.ie;waterfordairport.ie;waterfordairport.ie;,572cfdcdde71d2062f66949d762b6b84314f00771b92b8d5da748318592ce96a,False,True,2048,49199,False
